Period,#,Cum. net profit,Net profit,Gross profit,Gross loss,Commission,Cum. max. drawdown,Max. drawdown,% Win,Avg. trade,Avg. winner,Avg. loser,Lrg. winner,Lrg. loser,MTR,Avg. MAE,Avg. MFE,Avg. ETD,% Trade,
2026-02-22 9:25 PM,1,-$120.00,-$120.00,n/a,n/a,$0.00,-$120.00,-$120.00,n/a,n/a,n/a,n/a,n/a,n/a,n/a,$120.00,$0.00,$120.00,n/a,
2026-02-22 10:30 PM,2,-$230.00,-$110.00,n/a,n/a,$0.00,-$230.00,-$110.00,n/a,n/a,n/a,n/a,n/a,n/a,n/a,$110.00,$105.00,$215.00,n/a,
2026-02-23 9:23 PM,3,$100.00,$330.00,n/a,n/a,$0.00,$0.00,$0.00,n/a,n/a,n/a,n/a,n/a,n/a,n/a,$75.00,$385.00,$55.00,n/a,
2026-02-23 9:37 PM,4,$410.00,$310.00,n/a,n/a,$0.00,$0.00,$0.00,n/a,n/a,n/a,n/a,n/a,n/a,n/a,$0.00,$310.00,$0.00,n/a,
2026-02-23 11:38 PM,5,$285.00,-$125.00,n/a,n/a,$0.00,-$125.00,-$125.00,n/a,n/a,n/a,n/a,n/a,n/a,n/a,$125.00,$65.00,$190.00,n/a,
2026-02-24 1:17 AM,6,$165.00,-$120.00,n/a,n/a,$0.00,-$245.00,-$120.00,n/a,n/a,n/a,n/a,n/a,n/a,n/a,$120.00,$0.00,$120.00,n/a,
2026-02-24 8:34 PM,7,$45.00,-$120.00,n/a,n/a,$0.00,-$365.00,-$120.00,n/a,n/a,n/a,n/a,n/a,n/a,n/a,$120.00,$70.00,$190.00,n/a,
2026-02-24 9:07 PM,8,$345.00,$300.00,n/a,n/a,$0.00,-$65.00,$0.00,n/a,n/a,n/a,n/a,n/a,n/a,n/a,$110.00,$300.00,$0.00,n/a,
2026-02-24 9:19 PM,9,$655.00,$310.00,n/a,n/a,$0.00,$0.00,$0.00,n/a,n/a,n/a,n/a,n/a,n/a,n/a,$20.00,$310.00,$0.00,n/a,
2026-02-24 10:46 PM,10,$550.00,-$105.00,n/a,n/a,$0.00,-$105.00,-$105.00,n/a,n/a,n/a,n/a,n/a,n/a,n/a,$105.00,$75.00,$180.00,n/a,
2026-02-24 11:50 PM,11,$515.00,-$35.00,n/a,n/a,$0.00,-$140.00,-$35.00,n/a,n/a,n/a,n/a,n/a,n/a,n/a,$90.00,$0.00,$35.00,n/a,
2026-02-25 12:02 AM,12,$410.00,-$105.00,n/a,n/a,$0.00,-$245.00,-$105.00,n/a,n/a,n/a,n/a,n/a,n/a,n/a,$105.00,$125.00,$230.00,n/a,
2026-02-25 8:00 PM,13,$715.00,$305.00,n/a,n/a,$0.00,$0.00,$0.00,n/a,n/a,n/a,n/a,n/a,n/a,n/a,$0.00,$305.00,$0.00,n/a,
2026-02-25 8:55 PM,14,$595.00,-$120.00,n/a,n/a,$0.00,-$120.00,-$120.00,n/a,n/a,n/a,n/a,n/a,n/a,n/a,$120.00,$65.00,$185.00,n/a,
2026-02-25 10:06 PM,15,$495.00,-$100.00,n/a,n/a,$0.00,-$220.00,-$100.00,n/a,n/a,n/a,n/a,n/a,n/a,n/a,$100.00,$145.00,$245.00,n/a,
2026-02-26 7:14 PM,16,$795.00,$300.00,n/a,n/a,$0.00,$0.00,$0.00,n/a,n/a,n/a,n/a,n/a,n/a,n/a,$10.00,$300.00,$0.00,n/a,
2026-02-26 7:57 PM,17,$1105.00,$310.00,n/a,n/a,$0.00,$0.00,$0.00,n/a,n/a,n/a,n/a,n/a,n/a,n/a,$20.00,$310.00,$0.00,n/a,
2026-02-26 8:11 PM,18,$985.00,-$120.00,n/a,n/a,$0.00,-$120.00,-$120.00,n/a,n/a,n/a,n/a,n/a,n/a,n/a,$120.00,$15.00,$135.00,n/a,
2026-02-26 8:23 PM,19,$855.00,-$130.00,n/a,n/a,$0.00,-$250.00,-$130.00,n/a,n/a,n/a,n/a,n/a,n/a,n/a,$130.00,$140.00,$270.00,n/a,
2026-03-01 9:44 PM,20,$1155.00,$300.00,n/a,n/a,$0.00,$0.00,$0.00,n/a,n/a,n/a,n/a,n/a,n/a,n/a,$70.00,$300.00,$0.00,n/a,
2026-03-01 10:13 PM,21,$1035.00,-$120.00,n/a,n/a,$0.00,-$120.00,-$120.00,n/a,n/a,n/a,n/a,n/a,n/a,n/a,$120.00,$0.00,$120.00,n/a,
2026-03-02 12:17 AM,22,$1270.00,$235.00,n/a,n/a,$0.00,$0.00,$0.00,n/a,n/a,n/a,n/a,n/a,n/a,n/a,$65.00,$300.00,$65.00,n/a,
2026-03-02 1:55 AM,23,$1140.00,-$130.00,n/a,n/a,$0.00,-$130.00,-$130.00,n/a,n/a,n/a,n/a,n/a,n/a,n/a,$130.00,$30.00,$160.00,n/a,
2026-03-02 6:38 AM,24,$1035.00,-$105.00,n/a,n/a,$0.00,-$235.00,-$105.00,n/a,n/a,n/a,n/a,n/a,n/a,n/a,$110.00,$110.00,$215.00,n/a,
2026-03-02 8:21 PM,25,$1340.00,$305.00,n/a,n/a,$0.00,$0.00,$0.00,n/a,n/a,n/a,n/a,n/a,n/a,n/a,$95.00,$305.00,$0.00,n/a,
2026-03-02 11:20 PM,26,$1240.00,-$100.00,n/a,n/a,$0.00,-$100.00,-$100.00,n/a,n/a,n/a,n/a,n/a,n/a,n/a,$100.00,$240.00,$340.00,n/a,
2026-03-02 11:37 PM,27,$1140.00,-$100.00,n/a,n/a,$0.00,-$200.00,-$100.00,n/a,n/a,n/a,n/a,n/a,n/a,n/a,$100.00,$0.00,$100.00,n/a,
2026-03-03 7:59 PM,28,$1020.00,-$120.00,n/a,n/a,$0.00,-$320.00,-$120.00,n/a,n/a,n/a,n/a,n/a,n/a,n/a,$120.00,$85.00,$205.00,n/a,
2026-03-03 10:30 PM,29,$880.00,-$140.00,n/a,n/a,$0.00,-$460.00,-$140.00,n/a,n/a,n/a,n/a,n/a,n/a,n/a,$140.00,$30.00,$170.00,n/a,
2026-03-04 8:14 PM,30,$760.00,-$120.00,n/a,n/a,$0.00,-$580.00,-$120.00,n/a,n/a,n/a,n/a,n/a,n/a,n/a,$120.00,$10.00,$130.00,n/a,
2026-03-04 11:06 PM,31,$655.00,-$105.00,n/a,n/a,$0.00,-$685.00,-$105.00,n/a,n/a,n/a,n/a,n/a,n/a,n/a,$105.00,$210.00,$315.00,n/a,
2026-03-05 6:27 PM,32,$555.00,-$100.00,n/a,n/a,$0.00,-$785.00,-$100.00,n/a,n/a,n/a,n/a,n/a,n/a,n/a,$100.00,$60.00,$160.00,n/a,
2026-03-05 7:03 PM,33,$425.00,-$130.00,n/a,n/a,$0.00,-$915.00,-$130.00,n/a,n/a,n/a,n/a,n/a,n/a,n/a,$130.00,$0.00,$130.00,n/a,
2026-03-08 9:43 PM,34,$700.00,$275.00,n/a,n/a,$0.00,-$640.00,$0.00,n/a,n/a,n/a,n/a,n/a,n/a,n/a,$30.00,$330.00,$55.00,n/a,
2026-03-08 10:51 PM,35,$580.00,-$120.00,n/a,n/a,$0.00,-$760.00,-$120.00,n/a,n/a,n/a,n/a,n/a,n/a,n/a,$120.00,$70.00,$190.00,n/a,
2026-03-08 11:10 PM,36,$455.00,-$125.00,n/a,n/a,$0.00,-$885.00,-$125.00,n/a,n/a,n/a,n/a,n/a,n/a,n/a,$125.00,$35.00,$160.00,n/a,
2026-03-09 8:00 PM,37,$755.00,$300.00,n/a,n/a,$0.00,-$585.00,$0.00,n/a,n/a,n/a,n/a,n/a,n/a,n/a,$35.00,$300.00,$0.00,n/a,
2026-03-09 9:00 PM,38,$1305.00,$550.00,n/a,n/a,$0.00,-$35.00,$0.00,n/a,n/a,n/a,n/a,n/a,n/a,n/a,$0.00,$550.00,$0.00,n/a,
2026-03-09 9:33 PM,39,$1185.00,-$120.00,n/a,n/a,$0.00,-$155.00,-$120.00,n/a,n/a,n/a,n/a,n/a,n/a,n/a,$120.00,$0.00,$120.00,n/a,
2026-03-09 9:54 PM,40,$1060.00,-$125.00,n/a,n/a,$0.00,-$280.00,-$125.00,n/a,n/a,n/a,n/a,n/a,n/a,n/a,$125.00,$25.00,$150.00,n/a,
2026-03-10 9:30 PM,41,$940.00,-$120.00,n/a,n/a,$0.00,-$400.00,-$120.00,n/a,n/a,n/a,n/a,n/a,n/a,n/a,$120.00,$0.00,$120.00,n/a,
2026-03-10 10:57 PM,42,$835.00,-$105.00,n/a,n/a,$0.00,-$505.00,-$105.00,n/a,n/a,n/a,n/a,n/a,n/a,n/a,$105.00,$145.00,$250.00,n/a,
2026-03-11 8:07 PM,43,$1140.00,$305.00,n/a,n/a,$0.00,-$200.00,$0.00,n/a,n/a,n/a,n/a,n/a,n/a,n/a,$15.00,$305.00,$0.00,n/a,
2026-03-11 8:37 PM,44,$1700.00,$560.00,n/a,n/a,$0.00,$0.00,$0.00,n/a,n/a,n/a,n/a,n/a,n/a,n/a,$0.00,$560.00,$0.00,n/a,
2026-03-12 1:50 AM,45,$1875.00,$175.00,n/a,n/a,$0.00,$0.00,$0.00,n/a,n/a,n/a,n/a,n/a,n/a,n/a,$45.00,$250.00,$75.00,n/a,
2026-03-12 5:40 AM,46,$2105.00,$230.00,n/a,n/a,$0.00,$0.00,$0.00,n/a,n/a,n/a,n/a,n/a,n/a,n/a,$0.00,$295.00,$65.00,n/a,
2026-03-12 6:46 PM,47,$2120.00,$15.00,n/a,n/a,$0.00,$0.00,$0.00,n/a,n/a,n/a,n/a,n/a,n/a,n/a,$60.00,$235.00,$220.00,n/a,
2026-03-12 6:49 PM,48,$2000.00,-$120.00,n/a,n/a,$0.00,-$120.00,-$120.00,n/a,n/a,n/a,n/a,n/a,n/a,n/a,$120.00,$95.00,$215.00,n/a,
2026-03-12 9:00 PM,49,$2300.00,$300.00,n/a,n/a,$0.00,$0.00,$0.00,n/a,n/a,n/a,n/a,n/a,n/a,n/a,$70.00,$300.00,$0.00,n/a,
2026-03-12 11:42 PM,50,$2200.00,-$100.00,n/a,n/a,$0.00,-$100.00,-$100.00,n/a,n/a,n/a,n/a,n/a,n/a,n/a,$100.00,$285.00,$385.00,n/a,
2026-03-13 12:23 AM,51,$2500.00,$300.00,n/a,n/a,$0.00,$0.00,$0.00,n/a,n/a,n/a,n/a,n/a,n/a,n/a,$0.00,$300.00,$0.00,n/a,
2026-03-13 5:45 AM,52,$2365.00,-$135.00,n/a,n/a,$0.00,-$135.00,-$135.00,n/a,n/a,n/a,n/a,n/a,n/a,n/a,$135.00,$15.00,$150.00,n/a,
2026-03-13 6:13 AM,53,$2265.00,-$100.00,n/a,n/a,$0.00,-$235.00,-$100.00,n/a,n/a,n/a,n/a,n/a,n/a,n/a,$100.00,$265.00,$365.00,n/a,
2026-03-15 8:49 PM,54,$2575.00,$310.00,n/a,n/a,$0.00,$0.00,$0.00,n/a,n/a,n/a,n/a,n/a,n/a,n/a,$70.00,$310.00,$0.00,n/a,
2026-03-15 9:04 PM,55,$3130.00,$555.00,n/a,n/a,$0.00,$0.00,$0.00,n/a,n/a,n/a,n/a,n/a,n/a,n/a,$5.00,$555.00,$0.00,n/a,
2026-03-16 1:05 AM,56,$3010.00,-$120.00,n/a,n/a,$0.00,-$120.00,-$120.00,n/a,n/a,n/a,n/a,n/a,n/a,n/a,$120.00,$70.00,$190.00,n/a,
2026-03-16 1:30 AM,57,$3570.00,$560.00,n/a,n/a,$0.00,$0.00,$0.00,n/a,n/a,n/a,n/a,n/a,n/a,n/a,$105.00,$560.00,$0.00,n/a,
2026-03-16 8:04 PM,58,$3855.00,$285.00,n/a,n/a,$0.00,$0.00,$0.00,n/a,n/a,n/a,n/a,n/a,n/a,n/a,$10.00,$380.00,$95.00,n/a,
2026-03-16 10:54 PM,59,$3735.00,-$120.00,n/a,n/a,$0.00,-$120.00,-$120.00,n/a,n/a,n/a,n/a,n/a,n/a,n/a,$120.00,$10.00,$130.00,n/a,
2026-03-16 11:21 PM,60,$4285.00,$550.00,n/a,n/a,$0.00,$0.00,$0.00,n/a,n/a,n/a,n/a,n/a,n/a,n/a,$0.00,$550.00,$0.00,n/a,
2026-03-16 11:42 PM,61,$4185.00,-$100.00,n/a,n/a,$0.00,-$100.00,-$100.00,n/a,n/a,n/a,n/a,n/a,n/a,n/a,$100.00,$0.00,$100.00,n/a,
2026-03-17 12:06 AM,62,$4195.00,$10.00,n/a,n/a,$0.00,-$90.00,$0.00,n/a,n/a,n/a,n/a,n/a,n/a,n/a,$85.00,$15.00,$5.00,n/a,
2026-03-17 12:10 AM,63,$4095.00,-$100.00,n/a,n/a,$0.00,-$190.00,-$100.00,n/a,n/a,n/a,n/a,n/a,n/a,n/a,$100.00,$25.00,$125.00,n/a,
2026-03-17 8:34 PM,64,$4340.00,$245.00,n/a,n/a,$0.00,$0.00,$0.00,n/a,n/a,n/a,n/a,n/a,n/a,n/a,$5.00,$295.00,$50.00,n/a,
2026-03-17 8:53 PM,65,$4650.00,$310.00,n/a,n/a,$0.00,$0.00,$0.00,n/a,n/a,n/a,n/a,n/a,n/a,n/a,$0.00,$365.00,$55.00,n/a,
2026-03-17 9:04 PM,66,$4530.00,-$120.00,n/a,n/a,$0.00,-$120.00,-$120.00,n/a,n/a,n/a,n/a,n/a,n/a,n/a,$120.00,$45.00,$165.00,n/a,
2026-03-17 11:17 PM,67,$4410.00,-$120.00,n/a,n/a,$0.00,-$240.00,-$120.00,n/a,n/a,n/a,n/a,n/a,n/a,n/a,$120.00,$20.00,$140.00,n/a,
2026-03-18 9:45 PM,68,$4290.00,-$120.00,n/a,n/a,$0.00,-$360.00,-$120.00,n/a,n/a,n/a,n/a,n/a,n/a,n/a,$120.00,$70.00,$190.00,n/a,
2026-03-18 9:54 PM,69,$4190.00,-$100.00,n/a,n/a,$0.00,-$460.00,-$100.00,n/a,n/a,n/a,n/a,n/a,n/a,n/a,$100.00,$210.00,$310.00,n/a,
2026-03-19 6:58 PM,70,$4495.00,$305.00,n/a,n/a,$0.00,-$155.00,$0.00,n/a,n/a,n/a,n/a,n/a,n/a,n/a,$60.00,$305.00,$0.00,n/a,
2026-03-19 8:20 PM,71,$4390.00,-$105.00,n/a,n/a,$0.00,-$260.00,-$105.00,n/a,n/a,n/a,n/a,n/a,n/a,n/a,$105.00,$195.00,$300.00,n/a,
2026-03-19 8:40 PM,72,$4290.00,-$100.00,n/a,n/a,$0.00,-$360.00,-$100.00,n/a,n/a,n/a,n/a,n/a,n/a,n/a,$100.00,$160.00,$260.00,n/a,
2026-03-22 8:34 PM,73,$4155.00,-$135.00,n/a,n/a,$0.00,-$495.00,-$135.00,n/a,n/a,n/a,n/a,n/a,n/a,n/a,$135.00,$75.00,$210.00,n/a,
2026-03-22 10:25 PM,74,$4035.00,-$120.00,n/a,n/a,$0.00,-$615.00,-$120.00,n/a,n/a,n/a,n/a,n/a,n/a,n/a,$120.00,$90.00,$210.00,n/a,
2026-03-23 11:56 PM,75,$3915.00,-$120.00,n/a,n/a,$0.00,-$735.00,-$120.00,n/a,n/a,n/a,n/a,n/a,n/a,n/a,$120.00,$210.00,$330.00,n/a,
2026-03-24 12:57 AM,76,$3815.00,-$100.00,n/a,n/a,$0.00,-$835.00,-$100.00,n/a,n/a,n/a,n/a,n/a,n/a,n/a,$100.00,$190.00,$290.00,n/a,
2026-03-24 8:16 PM,77,$3695.00,-$120.00,n/a,n/a,$0.00,-$955.00,-$120.00,n/a,n/a,n/a,n/a,n/a,n/a,n/a,$120.00,$155.00,$275.00,n/a,
2026-03-24 9:13 PM,78,$3560.00,-$135.00,n/a,n/a,$0.00,-$1090.00,-$135.00,n/a,n/a,n/a,n/a,n/a,n/a,n/a,$135.00,$10.00,$145.00,n/a,
2026-03-25 8:34 PM,79,$3440.00,-$120.00,n/a,n/a,$0.00,-$1210.00,-$120.00,n/a,n/a,n/a,n/a,n/a,n/a,n/a,$120.00,$0.00,$120.00,n/a,
2026-03-25 8:50 PM,80,$3710.00,$270.00,n/a,n/a,$0.00,-$940.00,$0.00,n/a,n/a,n/a,n/a,n/a,n/a,n/a,$65.00,$320.00,$50.00,n/a,
2026-03-25 8:58 PM,81,$3580.00,-$130.00,n/a,n/a,$0.00,-$1070.00,-$130.00,n/a,n/a,n/a,n/a,n/a,n/a,n/a,$130.00,$20.00,$150.00,n/a,
2026-03-25 9:24 PM,82,$3455.00,-$125.00,n/a,n/a,$0.00,-$1195.00,-$125.00,n/a,n/a,n/a,n/a,n/a,n/a,n/a,$125.00,$25.00,$150.00,n/a,
2026-03-26 7:21 PM,83,$3355.00,-$100.00,n/a,n/a,$0.00,-$1295.00,-$100.00,n/a,n/a,n/a,n/a,n/a,n/a,n/a,$100.00,$35.00,$135.00,n/a,
2026-03-26 10:40 PM,84,$3585.00,$230.00,n/a,n/a,$0.00,-$1065.00,$0.00,n/a,n/a,n/a,n/a,n/a,n/a,n/a,$40.00,$305.00,$75.00,n/a,
2026-03-26 11:29 PM,85,$3885.00,$300.00,n/a,n/a,$0.00,-$765.00,$0.00,n/a,n/a,n/a,n/a,n/a,n/a,n/a,$30.00,$300.00,$0.00,n/a,
2026-03-27 6:24 AM,86,$3765.00,-$120.00,n/a,n/a,$0.00,-$885.00,-$120.00,n/a,n/a,n/a,n/a,n/a,n/a,n/a,$120.00,$10.00,$130.00,n/a,
2026-03-29 8:49 PM,87,$3665.00,-$100.00,n/a,n/a,$0.00,-$985.00,-$100.00,n/a,n/a,n/a,n/a,n/a,n/a,n/a,$100.00,$95.00,$195.00,n/a,
2026-03-30 5:51 AM,88,$3545.00,-$120.00,n/a,n/a,$0.00,-$1105.00,-$120.00,n/a,n/a,n/a,n/a,n/a,n/a,n/a,$120.00,$0.00,$120.00,n/a,
2026-03-30 8:44 PM,89,$3425.00,-$120.00,n/a,n/a,$0.00,-$1225.00,-$120.00,n/a,n/a,n/a,n/a,n/a,n/a,n/a,$120.00,$70.00,$190.00,n/a,
2026-03-30 9:14 PM,90,$3300.00,-$125.00,n/a,n/a,$0.00,-$1350.00,-$125.00,n/a,n/a,n/a,n/a,n/a,n/a,n/a,$125.00,$35.00,$160.00,n/a,
2026-03-31 9:00 PM,91,$3575.00,$275.00,n/a,n/a,$0.00,-$1075.00,$0.00,n/a,n/a,n/a,n/a,n/a,n/a,n/a,$70.00,$385.00,$110.00,n/a,
2026-03-31 11:53 PM,92,$3640.00,$65.00,n/a,n/a,$0.00,-$1010.00,$0.00,n/a,n/a,n/a,n/a,n/a,n/a,n/a,$10.00,$275.00,$210.00,n/a,
2026-04-01 12:12 AM,93,$3940.00,$300.00,n/a,n/a,$0.00,-$710.00,$0.00,n/a,n/a,n/a,n/a,n/a,n/a,n/a,$70.00,$300.00,$0.00,n/a,
2026-04-01 12:34 AM,94,$3840.00,-$100.00,n/a,n/a,$0.00,-$810.00,-$100.00,n/a,n/a,n/a,n/a,n/a,n/a,n/a,$100.00,$20.00,$120.00,n/a,
2026-04-01 5:48 AM,95,$4150.00,$310.00,n/a,n/a,$0.00,-$500.00,$0.00,n/a,n/a,n/a,n/a,n/a,n/a,n/a,$90.00,$310.00,$0.00,n/a,
2026-04-01 6:04 AM,96,$4050.00,-$100.00,n/a,n/a,$0.00,-$600.00,-$100.00,n/a,n/a,n/a,n/a,n/a,n/a,n/a,$100.00,$155.00,$255.00,n/a,
2026-04-01 7:51 PM,97,$4365.00,$315.00,n/a,n/a,$0.00,-$285.00,$0.00,n/a,n/a,n/a,n/a,n/a,n/a,n/a,$45.00,$315.00,$0.00,n/a,
2026-04-01 9:03 PM,98,$4920.00,$555.00,n/a,n/a,$0.00,$0.00,$0.00,n/a,n/a,n/a,n/a,n/a,n/a,n/a,$75.00,$555.00,$0.00,n/a,
2026-04-01 11:50 PM,99,$5220.00,$300.00,n/a,n/a,$0.00,$0.00,$0.00,n/a,n/a,n/a,n/a,n/a,n/a,n/a,$75.00,$365.00,$65.00,n/a,
2026-04-02 12:05 AM,100,$5095.00,-$125.00,n/a,n/a,$0.00,-$125.00,-$125.00,n/a,n/a,n/a,n/a,n/a,n/a,n/a,$125.00,$0.00,$125.00,n/a,
2026-04-02 12:21 AM,101,$4975.00,-$120.00,n/a,n/a,$0.00,-$245.00,-$120.00,n/a,n/a,n/a,n/a,n/a,n/a,n/a,$120.00,$10.00,$130.00,n/a,
2026-04-05 11:56 PM,102,$4995.00,$20.00,n/a,n/a,$0.00,-$225.00,$0.00,n/a,n/a,n/a,n/a,n/a,n/a,n/a,$55.00,$80.00,$60.00,n/a,
2026-04-06 12:00 AM,103,$4895.00,-$100.00,n/a,n/a,$0.00,-$325.00,-$100.00,n/a,n/a,n/a,n/a,n/a,n/a,n/a,$100.00,$0.00,$100.00,n/a,
2026-04-06 1:10 AM,104,$5205.00,$310.00,n/a,n/a,$0.00,-$15.00,$0.00,n/a,n/a,n/a,n/a,n/a,n/a,n/a,$0.00,$310.00,$0.00,n/a,
2026-04-06 5:59 AM,105,$5395.00,$190.00,n/a,n/a,$0.00,$0.00,$0.00,n/a,n/a,n/a,n/a,n/a,n/a,n/a,$25.00,$295.00,$105.00,n/a,
2026-04-06 7:08 AM,106,$5700.00,$305.00,n/a,n/a,$0.00,$0.00,$0.00,n/a,n/a,n/a,n/a,n/a,n/a,n/a,$35.00,$305.00,$0.00,n/a,
2026-04-06 8:26 PM,107,$5960.00,$260.00,n/a,n/a,$0.00,$0.00,$0.00,n/a,n/a,n/a,n/a,n/a,n/a,n/a,$60.00,$310.00,$50.00,n/a,
2026-04-06 9:26 PM,108,$5840.00,-$120.00,n/a,n/a,$0.00,-$120.00,-$120.00,n/a,n/a,n/a,n/a,n/a,n/a,n/a,$120.00,$95.00,$215.00,n/a,
2026-04-07 12:55 AM,109,$6410.00,$570.00,n/a,n/a,$0.00,$0.00,$0.00,n/a,n/a,n/a,n/a,n/a,n/a,n/a,$0.00,$570.00,$0.00,n/a,
2026-04-07 1:24 AM,110,$6715.00,$305.00,n/a,n/a,$0.00,$0.00,$0.00,n/a,n/a,n/a,n/a,n/a,n/a,n/a,$0.00,$305.00,$0.00,n/a,
2026-04-07 5:43 AM,111,$7050.00,$335.00,n/a,n/a,$0.00,$0.00,$0.00,n/a,n/a,n/a,n/a,n/a,n/a,n/a,$0.00,$360.00,$25.00,n/a,
2026-04-07 9:54 PM,112,$7350.00,$300.00,n/a,n/a,$0.00,$0.00,$0.00,n/a,n/a,n/a,n/a,n/a,n/a,n/a,$10.00,$505.00,$205.00,n/a,
2026-04-08 1:07 AM,113,$7630.00,$280.00,n/a,n/a,$0.00,$0.00,$0.00,n/a,n/a,n/a,n/a,n/a,n/a,n/a,$95.00,$340.00,$60.00,n/a,
2026-04-08 1:30 AM,114,$7995.00,$365.00,n/a,n/a,$0.00,$0.00,$0.00,n/a,n/a,n/a,n/a,n/a,n/a,n/a,$0.00,$420.00,$55.00,n/a,
2026-04-08 1:50 AM,115,$8345.00,$350.00,n/a,n/a,$0.00,$0.00,$0.00,n/a,n/a,n/a,n/a,n/a,n/a,n/a,$80.00,$350.00,$0.00,n/a,
2026-04-08 8:42 PM,116,$8245.00,-$100.00,n/a,n/a,$0.00,-$100.00,-$100.00,n/a,n/a,n/a,n/a,n/a,n/a,n/a,$100.00,$30.00,$130.00,n/a,
2026-04-08 9:49 PM,117,$8125.00,-$120.00,n/a,n/a,$0.00,-$220.00,-$120.00,n/a,n/a,n/a,n/a,n/a,n/a,n/a,$120.00,$60.00,$180.00,n/a,
2026-04-09 6:44 PM,118,$8315.00,$190.00,n/a,n/a,$0.00,-$30.00,$0.00,n/a,n/a,n/a,n/a,n/a,n/a,n/a,$30.00,$235.00,$45.00,n/a,
2026-04-09 7:44 PM,119,$8440.00,$125.00,n/a,n/a,$0.00,$0.00,$0.00,n/a,n/a,n/a,n/a,n/a,n/a,n/a,$60.00,$210.00,$85.00,n/a,
2026-04-09 8:12 PM,120,$8740.00,$300.00,n/a,n/a,$0.00,$0.00,$0.00,n/a,n/a,n/a,n/a,n/a,n/a,n/a,$90.00,$300.00,$0.00,n/a,
2026-04-09 8:58 PM,121,$8615.00,-$125.00,n/a,n/a,$0.00,-$125.00,-$125.00,n/a,n/a,n/a,n/a,n/a,n/a,n/a,$125.00,$0.00,$125.00,n/a,
2026-04-09 10:04 PM,122,$8925.00,$310.00,n/a,n/a,$0.00,$0.00,$0.00,n/a,n/a,n/a,n/a,n/a,n/a,n/a,$30.00,$310.00,$0.00,n/a,
2026-04-10 1:00 AM,123,$9025.00,$100.00,n/a,n/a,$0.00,$0.00,$0.00,n/a,n/a,n/a,n/a,n/a,n/a,n/a,$65.00,$250.00,$150.00,n/a,
2026-04-10 1:04 AM,124,$8925.00,-$100.00,n/a,n/a,$0.00,-$100.00,-$100.00,n/a,n/a,n/a,n/a,n/a,n/a,n/a,$100.00,$25.00,$125.00,n/a,
2026-04-10 1:30 AM,125,$8825.00,-$100.00,n/a,n/a,$0.00,-$200.00,-$100.00,n/a,n/a,n/a,n/a,n/a,n/a,n/a,$100.00,$55.00,$155.00,n/a,
2026-04-12 9:15 PM,126,$8705.00,-$120.00,n/a,n/a,$0.00,-$320.00,-$120.00,n/a,n/a,n/a,n/a,n/a,n/a,n/a,$120.00,$30.00,$150.00,n/a,
2026-04-12 11:26 PM,127,$8595.00,-$110.00,n/a,n/a,$0.00,-$430.00,-$110.00,n/a,n/a,n/a,n/a,n/a,n/a,n/a,$110.00,$75.00,$185.00,n/a,
2026-04-13 8:20 PM,128,$8750.00,$155.00,n/a,n/a,$0.00,-$275.00,$0.00,n/a,n/a,n/a,n/a,n/a,n/a,n/a,$0.00,$185.00,$30.00,n/a,
2026-04-13 8:26 PM,129,$8650.00,-$100.00,n/a,n/a,$0.00,-$375.00,-$100.00,n/a,n/a,n/a,n/a,n/a,n/a,n/a,$100.00,$25.00,$125.00,n/a,
2026-04-13 8:40 PM,130,$8550.00,-$100.00,n/a,n/a,$0.00,-$475.00,-$100.00,n/a,n/a,n/a,n/a,n/a,n/a,n/a,$100.00,$55.00,$155.00,n/a,
2026-04-13 9:50 PM,131,$8850.00,$300.00,n/a,n/a,$0.00,-$175.00,$0.00,n/a,n/a,n/a,n/a,n/a,n/a,n/a,$80.00,$300.00,$0.00,n/a,
2026-04-13 11:44 PM,132,$9065.00,$215.00,n/a,n/a,$0.00,$0.00,$0.00,n/a,n/a,n/a,n/a,n/a,n/a,n/a,$0.00,$265.00,$50.00,n/a,
2026-04-14 12:38 AM,133,$8965.00,-$100.00,n/a,n/a,$0.00,-$100.00,-$100.00,n/a,n/a,n/a,n/a,n/a,n/a,n/a,$100.00,$20.00,$120.00,n/a,
2026-04-14 1:41 AM,134,$8840.00,-$125.00,n/a,n/a,$0.00,-$225.00,-$125.00,n/a,n/a,n/a,n/a,n/a,n/a,n/a,$125.00,$5.00,$130.00,n/a,
2026-04-14 8:13 PM,135,$9095.00,$255.00,n/a,n/a,$0.00,$0.00,$0.00,n/a,n/a,n/a,n/a,n/a,n/a,n/a,$105.00,$350.00,$95.00,n/a,
2026-04-14 10:38 PM,136,$8970.00,-$125.00,n/a,n/a,$0.00,-$125.00,-$125.00,n/a,n/a,n/a,n/a,n/a,n/a,n/a,$125.00,$65.00,$190.00,n/a,
2026-04-15 12:10 AM,137,$8870.00,-$100.00,n/a,n/a,$0.00,-$225.00,-$100.00,n/a,n/a,n/a,n/a,n/a,n/a,n/a,$100.00,$35.00,$135.00,n/a,
2026-04-15 8:53 PM,138,$9095.00,$225.00,n/a,n/a,$0.00,$0.00,$0.00,n/a,n/a,n/a,n/a,n/a,n/a,n/a,$30.00,$275.00,$50.00,n/a,
2026-04-16 6:45 AM,139,$8970.00,-$125.00,n/a,n/a,$0.00,-$125.00,-$125.00,n/a,n/a,n/a,n/a,n/a,n/a,n/a,$125.00,$0.00,$125.00,n/a,
2026-04-16 7:17 AM,140,$8995.00,$25.00,n/a,n/a,$0.00,-$100.00,$0.00,n/a,n/a,n/a,n/a,n/a,n/a,n/a,$15.00,$40.00,$15.00,n/a,
2026-04-16 7:14 PM,141,$8895.00,-$100.00,n/a,n/a,$0.00,-$200.00,-$100.00,n/a,n/a,n/a,n/a,n/a,n/a,n/a,$100.00,$45.00,$145.00,n/a,
2026-04-16 8:05 PM,142,$9205.00,$310.00,n/a,n/a,$0.00,$0.00,$0.00,n/a,n/a,n/a,n/a,n/a,n/a,n/a,$60.00,$310.00,$0.00,n/a,
2026-04-16 9:09 PM,143,$9510.00,$305.00,n/a,n/a,$0.00,$0.00,$0.00,n/a,n/a,n/a,n/a,n/a,n/a,n/a,$45.00,$305.00,$0.00,n/a,
2026-04-16 11:27 PM,144,$9410.00,-$100.00,n/a,n/a,$0.00,-$100.00,-$100.00,n/a,n/a,n/a,n/a,n/a,n/a,n/a,$100.00,$5.00,$105.00,n/a,
2026-04-17 1:59 AM,145,$9310.00,-$100.00,n/a,n/a,$0.00,-$200.00,-$100.00,n/a,n/a,n/a,n/a,n/a,n/a,n/a,$100.00,$175.00,$275.00,n/a,
2026-04-19 10:34 PM,146,$9210.00,-$100.00,n/a,n/a,$0.00,-$300.00,-$100.00,n/a,n/a,n/a,n/a,n/a,n/a,n/a,$100.00,$115.00,$215.00,n/a,
2026-04-19 11:50 PM,147,$9470.00,$260.00,n/a,n/a,$0.00,-$40.00,$0.00,n/a,n/a,n/a,n/a,n/a,n/a,n/a,$50.00,$310.00,$50.00,n/a,
2026-04-20 1:54 AM,148,$9350.00,-$120.00,n/a,n/a,$0.00,-$160.00,-$120.00,n/a,n/a,n/a,n/a,n/a,n/a,n/a,$120.00,$20.00,$140.00,n/a,
2026-04-20 8:38 PM,149,$9250.00,-$100.00,n/a,n/a,$0.00,-$260.00,-$100.00,n/a,n/a,n/a,n/a,n/a,n/a,n/a,$100.00,$5.00,$105.00,n/a,
2026-04-20 9:02 PM,150,$9145.00,-$105.00,n/a,n/a,$0.00,-$365.00,-$105.00,n/a,n/a,n/a,n/a,n/a,n/a,n/a,$105.00,$225.00,$330.00,n/a,
2026-04-21 8:44 PM,151,$9045.00,-$100.00,n/a,n/a,$0.00,-$465.00,-$100.00,n/a,n/a,n/a,n/a,n/a,n/a,n/a,$100.00,$50.00,$150.00,n/a,
2026-04-21 11:04 PM,152,$8925.00,-$120.00,n/a,n/a,$0.00,-$585.00,-$120.00,n/a,n/a,n/a,n/a,n/a,n/a,n/a,$120.00,$0.00,$120.00,n/a,
2026-04-22 8:09 PM,153,$9225.00,$300.00,n/a,n/a,$0.00,-$285.00,$0.00,n/a,n/a,n/a,n/a,n/a,n/a,n/a,$25.00,$300.00,$0.00,n/a,
2026-04-22 8:52 PM,154,$9530.00,$305.00,n/a,n/a,$0.00,$0.00,$0.00,n/a,n/a,n/a,n/a,n/a,n/a,n/a,$90.00,$305.00,$0.00,n/a,
2026-04-22 9:51 PM,155,$9830.00,$300.00,n/a,n/a,$0.00,$0.00,$0.00,n/a,n/a,n/a,n/a,n/a,n/a,n/a,$50.00,$300.00,$0.00,n/a,
2026-04-22 10:01 PM,156,$10130.00,$300.00,n/a,n/a,$0.00,$0.00,$0.00,n/a,n/a,n/a,n/a,n/a,n/a,n/a,$10.00,$300.00,$0.00,n/a,
2026-04-22 10:10 PM,157,$10230.00,$100.00,n/a,n/a,$0.00,$0.00,$0.00,n/a,n/a,n/a,n/a,n/a,n/a,n/a,$55.00,$195.00,$95.00,n/a,
2026-04-23 8:04 PM,158,$10100.00,-$130.00,n/a,n/a,$0.00,-$130.00,-$130.00,n/a,n/a,n/a,n/a,n/a,n/a,n/a,$130.00,$0.00,$130.00,n/a,
2026-04-23 8:24 PM,159,$10000.00,-$100.00,n/a,n/a,$0.00,-$230.00,-$100.00,n/a,n/a,n/a,n/a,n/a,n/a,n/a,$100.00,$90.00,$190.00,n/a,
2026-04-26 8:27 PM,160,$9890.00,-$110.00,n/a,n/a,$0.00,-$340.00,-$110.00,n/a,n/a,n/a,n/a,n/a,n/a,n/a,$110.00,$0.00,$110.00,n/a,
2026-04-26 9:47 PM,161,$9790.00,-$100.00,n/a,n/a,$0.00,-$440.00,-$100.00,n/a,n/a,n/a,n/a,n/a,n/a,n/a,$100.00,$125.00,$225.00,n/a,
2026-04-27 8:40 PM,162,$9945.00,$155.00,n/a,n/a,$0.00,-$285.00,$0.00,n/a,n/a,n/a,n/a,n/a,n/a,n/a,$20.00,$225.00,$70.00,n/a,
2026-04-27 8:57 PM,163,$9845.00,-$100.00,n/a,n/a,$0.00,-$385.00,-$100.00,n/a,n/a,n/a,n/a,n/a,n/a,n/a,$100.00,$45.00,$145.00,n/a,
2026-04-27 9:15 PM,164,$9745.00,-$100.00,n/a,n/a,$0.00,-$485.00,-$100.00,n/a,n/a,n/a,n/a,n/a,n/a,n/a,$100.00,$90.00,$190.00,n/a,
2026-04-27 9:47 PM,165,$10070.00,$325.00,n/a,n/a,$0.00,-$160.00,$0.00,n/a,n/a,n/a,n/a,n/a,n/a,n/a,$10.00,$380.00,$55.00,n/a,
2026-04-27 10:12 PM,166,$9950.00,-$120.00,n/a,n/a,$0.00,-$280.00,-$120.00,n/a,n/a,n/a,n/a,n/a,n/a,n/a,$120.00,$20.00,$140.00,n/a,
2026-04-28 6:47 AM,167,$10415.00,$465.00,n/a,n/a,$0.00,$0.00,$0.00,n/a,n/a,n/a,n/a,n/a,n/a,n/a,$80.00,$550.00,$85.00,n/a,
2026-04-28 9:04 PM,168,$10655.00,$240.00,n/a,n/a,$0.00,$0.00,$0.00,n/a,n/a,n/a,n/a,n/a,n/a,n/a,$60.00,$295.00,$55.00,n/a,
2026-04-28 9:24 PM,169,$10965.00,$310.00,n/a,n/a,$0.00,$0.00,$0.00,n/a,n/a,n/a,n/a,n/a,n/a,n/a,$45.00,$310.00,$0.00,n/a,
2026-04-28 10:55 PM,170,$10865.00,-$100.00,n/a,n/a,$0.00,-$100.00,-$100.00,n/a,n/a,n/a,n/a,n/a,n/a,n/a,$100.00,$190.00,$290.00,n/a,
2026-04-29 1:47 AM,171,$11145.00,$280.00,n/a,n/a,$0.00,$0.00,$0.00,n/a,n/a,n/a,n/a,n/a,n/a,n/a,$45.00,$345.00,$65.00,n/a,
2026-04-29 5:49 AM,172,$11045.00,-$100.00,n/a,n/a,$0.00,-$100.00,-$100.00,n/a,n/a,n/a,n/a,n/a,n/a,n/a,$100.00,$165.00,$265.00,n/a,
2026-04-29 6:30 AM,173,$10945.00,-$100.00,n/a,n/a,$0.00,-$200.00,-$100.00,n/a,n/a,n/a,n/a,n/a,n/a,n/a,$100.00,$10.00,$110.00,n/a,
2026-04-29 8:03 PM,174,$10825.00,-$120.00,n/a,n/a,$0.00,-$320.00,-$120.00,n/a,n/a,n/a,n/a,n/a,n/a,n/a,$120.00,$0.00,$120.00,n/a,
2026-04-29 9:15 PM,175,$11375.00,$550.00,n/a,n/a,$0.00,$0.00,$0.00,n/a,n/a,n/a,n/a,n/a,n/a,n/a,$70.00,$550.00,$0.00,n/a,
2026-04-29 10:11 PM,176,$11275.00,-$100.00,n/a,n/a,$0.00,-$100.00,-$100.00,n/a,n/a,n/a,n/a,n/a,n/a,n/a,$100.00,$65.00,$165.00,n/a,
2026-04-29 10:38 PM,177,$11575.00,$300.00,n/a,n/a,$0.00,$0.00,$0.00,n/a,n/a,n/a,n/a,n/a,n/a,n/a,$0.00,$300.00,$0.00,n/a,
2026-04-29 11:10 PM,178,$11765.00,$190.00,n/a,n/a,$0.00,$0.00,$0.00,n/a,n/a,n/a,n/a,n/a,n/a,n/a,$15.00,$250.00,$60.00,n/a,
2026-04-29 11:43 PM,179,$12125.00,$360.00,n/a,n/a,$0.00,$0.00,$0.00,n/a,n/a,n/a,n/a,n/a,n/a,n/a,$55.00,$415.00,$55.00,n/a,
2026-04-30 1:46 AM,180,$12250.00,$125.00,n/a,n/a,$0.00,$0.00,$0.00,n/a,n/a,n/a,n/a,n/a,n/a,n/a,$25.00,$130.00,$5.00,n/a,
2026-04-30 8:21 PM,181,$12150.00,-$100.00,n/a,n/a,$0.00,-$100.00,-$100.00,n/a,n/a,n/a,n/a,n/a,n/a,n/a,$100.00,$200.00,$300.00,n/a,
2026-04-30 9:17 PM,182,$12205.00,$55.00,n/a,n/a,$0.00,-$45.00,$0.00,n/a,n/a,n/a,n/a,n/a,n/a,n/a,$25.00,$140.00,$85.00,n/a,
2026-04-30 10:16 PM,183,$12585.00,$380.00,n/a,n/a,$0.00,$0.00,$0.00,n/a,n/a,n/a,n/a,n/a,n/a,n/a,$80.00,$450.00,$70.00,n/a,
2026-04-30 10:54 PM,184,$12960.00,$375.00,n/a,n/a,$0.00,$0.00,$0.00,n/a,n/a,n/a,n/a,n/a,n/a,n/a,$110.00,$425.00,$50.00,n/a,
2026-05-01 12:43 AM,185,$13390.00,$430.00,n/a,n/a,$0.00,$0.00,$0.00,n/a,n/a,n/a,n/a,n/a,n/a,n/a,$50.00,$480.00,$50.00,n/a,
2026-05-01 1:56 AM,186,$13525.00,$135.00,n/a,n/a,$0.00,$0.00,$0.00,n/a,n/a,n/a,n/a,n/a,n/a,n/a,$90.00,$150.00,$15.00,n/a,
2026-05-03 9:00 PM,187,$13815.00,$290.00,n/a,n/a,$0.00,$0.00,$0.00,n/a,n/a,n/a,n/a,n/a,n/a,n/a,$10.00,$360.00,$70.00,n/a,
2026-05-03 9:07 PM,188,$14365.00,$550.00,n/a,n/a,$0.00,$0.00,$0.00,n/a,n/a,n/a,n/a,n/a,n/a,n/a,$20.00,$550.00,$0.00,n/a,
2026-05-03 10:23 PM,189,$14675.00,$310.00,n/a,n/a,$0.00,$0.00,$0.00,n/a,n/a,n/a,n/a,n/a,n/a,n/a,$95.00,$310.00,$0.00,n/a,
2026-05-03 11:39 PM,190,$14570.00,-$105.00,n/a,n/a,$0.00,-$105.00,-$105.00,n/a,n/a,n/a,n/a,n/a,n/a,n/a,$105.00,$120.00,$225.00,n/a,
2026-05-04 12:01 AM,191,$14465.00,-$105.00,n/a,n/a,$0.00,-$210.00,-$105.00,n/a,n/a,n/a,n/a,n/a,n/a,n/a,$105.00,$80.00,$185.00,n/a,
2026-05-04 8:26 PM,192,$14790.00,$325.00,n/a,n/a,$0.00,$0.00,$0.00,n/a,n/a,n/a,n/a,n/a,n/a,n/a,$35.00,$425.00,$100.00,n/a,
2026-05-04 8:27 PM,193,$14670.00,-$120.00,n/a,n/a,$0.00,-$120.00,-$120.00,n/a,n/a,n/a,n/a,n/a,n/a,n/a,$120.00,$0.00,$120.00,n/a,
2026-05-04 9:27 PM,194,$14570.00,-$100.00,n/a,n/a,$0.00,-$220.00,-$100.00,n/a,n/a,n/a,n/a,n/a,n/a,n/a,$100.00,$130.00,$230.00,n/a,
2026-05-04 9:43 PM,195,$14450.00,-$120.00,n/a,n/a,$0.00,-$340.00,-$120.00,n/a,n/a,n/a,n/a,n/a,n/a,n/a,$120.00,$40.00,$160.00,n/a,
2026-05-05 8:18 PM,196,$14350.00,-$100.00,n/a,n/a,$0.00,-$440.00,-$100.00,n/a,n/a,n/a,n/a,n/a,n/a,n/a,$100.00,$75.00,$175.00,n/a,
2026-05-06 12:30 AM,197,$14630.00,$280.00,n/a,n/a,$0.00,-$160.00,$0.00,n/a,n/a,n/a,n/a,n/a,n/a,n/a,$30.00,$330.00,$50.00,n/a,
2026-05-06 1:06 AM,198,$14530.00,-$100.00,n/a,n/a,$0.00,-$260.00,-$100.00,n/a,n/a,n/a,n/a,n/a,n/a,n/a,$100.00,$0.00,$100.00,n/a,
2026-05-06 2:18 AM,199,$14430.00,-$100.00,n/a,n/a,$0.00,-$360.00,-$100.00,n/a,n/a,n/a,n/a,n/a,n/a,n/a,$100.00,$140.00,$240.00,n/a,
2026-05-06 8:11 PM,200,$14290.00,-$140.00,n/a,n/a,$0.00,-$500.00,-$140.00,n/a,n/a,n/a,n/a,n/a,n/a,n/a,$140.00,$0.00,$140.00,n/a,
2026-05-06 9:01 PM,201,$14590.00,$300.00,n/a,n/a,$0.00,-$200.00,$0.00,n/a,n/a,n/a,n/a,n/a,n/a,n/a,$95.00,$300.00,$0.00,n/a,
2026-05-06 9:53 PM,202,$14895.00,$305.00,n/a,n/a,$0.00,$0.00,$0.00,n/a,n/a,n/a,n/a,n/a,n/a,n/a,$10.00,$305.00,$0.00,n/a,
2026-05-07 12:16 AM,203,$15085.00,$190.00,n/a,n/a,$0.00,$0.00,$0.00,n/a,n/a,n/a,n/a,n/a,n/a,n/a,$30.00,$250.00,$60.00,n/a,
2026-05-07 12:36 AM,204,$15080.00,-$5.00,n/a,n/a,$0.00,-$5.00,-$5.00,n/a,n/a,n/a,n/a,n/a,n/a,n/a,$95.00,$45.00,$50.00,n/a,
2026-05-07 12:40 AM,205,$14980.00,-$100.00,n/a,n/a,$0.00,-$105.00,-$100.00,n/a,n/a,n/a,n/a,n/a,n/a,n/a,$100.00,$0.00,$100.00,n/a,
2026-05-07 6:12 AM,206,$15280.00,$300.00,n/a,n/a,$0.00,$0.00,$0.00,n/a,n/a,n/a,n/a,n/a,n/a,n/a,$40.00,$300.00,$0.00,n/a,
2026-05-07 8:00 PM,207,$15160.00,-$120.00,n/a,n/a,$0.00,-$120.00,-$120.00,n/a,n/a,n/a,n/a,n/a,n/a,n/a,$120.00,$45.00,$165.00,n/a,
2026-05-07 9:01 PM,208,$15710.00,$550.00,n/a,n/a,$0.00,$0.00,$0.00,n/a,n/a,n/a,n/a,n/a,n/a,n/a,$40.00,$550.00,$0.00,n/a,
2026-05-07 9:15 PM,209,$15585.00,-$125.00,n/a,n/a,$0.00,-$125.00,-$125.00,n/a,n/a,n/a,n/a,n/a,n/a,n/a,$125.00,$5.00,$130.00,n/a,
2026-05-07 9:28 PM,210,$15485.00,-$100.00,n/a,n/a,$0.00,-$225.00,-$100.00,n/a,n/a,n/a,n/a,n/a,n/a,n/a,$100.00,$85.00,$185.00,n/a,
